<?xml version="1.0" encoding="utf-8" ?> 

<component name="CustomCategoryItem" extends="Group">

<interface>
  <field id="width" type="float" onChange="widthChanged"/> 
  <field id="height" type="float" onChange="heightChanged"/>   
  <field id="itemContent" type="node" onChange="itemContentChanged"/> 
  <field id="focusPercent" type="float" onChange="focusPercentChanged"/> 
  <field id="rowFocusPercent" type="float" />
  <field id="rowHasFocus" type="bool" />
  <field id="rowListHasFocus" type="bool" onChange="focusPercentChanged" />
</interface>

<script type="text/brightscript" uri="pkg:/components/CustomFocusItem/CustomCategoryItem.brs"/>
<children>
	<Poster id="categoryPoster">
	    <Group id="overlayGroup" visible="false">	    	
	        <Rectangle id="overlayBG" color="0x00000040" >
		    	<LayoutGroup id="overlayContent" layoutDirection="horizontal" vertAlignment="center" itemSpacings="8" >
			        <Poster id="playIcon" loadSync="true" uri="pkg:/images/icon_play.png" />
			        <Label id="labelPlayAll" font="font:SmallSystemFont" text="Play All" color="0xDDDDDDFF"/>
	            </LayoutGroup>
			</Rectangle>
	    </Group>
	</Poster>
	<Label id = "labelTitle" font="font:SmallBoldSystemFont" horizAlign = "center" vertAlign = "center" color="0xDDDDDDFF"/>
</children>

</component>

